,model,MSE,MAE,RMSE,R2
3,Random Forest grid search,13062.952659831979,69.37958805951344,114.29327477954239,0.8800722237721218
10,Light GBM grid search,13366.185941563415,72.42436320130938,115.61222228451201,0.8824362479372697
11,Light GBM exog variables,15055.315796517105,73.87929453159447,122.70010512023657,0.8510292147783991
12,Catboost,16214.606877729186,77.80340078507932,127.33658891979628,0.8403318572730971
