,model,MSE,MAE,RMSE
12,Catboost exog variables,11075.272689940271,59.81678843393003,105.23912148027591
11,Light GBM exog variables,12110.64883524602,61.348503370018676,110.04839315158591
3,Random Forest grid search,13062.952659831979,69.37958805951344,114.29327477954239
5,Random Forest with exog. variables grid search,13124.972068317273,69.81117429291908,114.56427046997364
9,Light GBM grid search,13366.185941563415,72.42436320130938,115.61222228451201
